Value,Name,Description,Status,Reference,Date,Change Controller,Contact,Notes
0x33,H3_DATAGRAM_ERROR,Datagram or Capsule Protocol parse error,permanent,[RFC9297],2022-06-23,IETF,[HTTP_WG],
0x0100,H3_NO_ERROR,No error,permanent,"[RFC9114, Section 8.1]",2021-02-26,IETF,[HTTP_WG],
0x0101,H3_GENERAL_PROTOCOL_ERROR,General protocol error,permanent,"[RFC9114, Section 8.1]",2021-02-26,IETF,[HTTP_WG],
0x0102,H3_INTERNAL_ERROR,Internal error,permanent,"[RFC9114, Section 8.1]",2021-02-26,IETF,[HTTP_WG],
0x0103,H3_STREAM_CREATION_ERROR,Stream creation error,permanent,"[RFC9114, Section 8.1]",2021-02-26,IETF,[HTTP_WG],
0x0104,H3_CLOSED_CRITICAL_STREAM,Critical stream was closed,permanent,"[RFC9114, Section 8.1]",2021-02-26,IETF,[HTTP_WG],
0x0105,H3_FRAME_UNEXPECTED,Frame not permitted in the current state,permanent,"[RFC9114, Section 8.1]",2021-02-26,IETF,[HTTP_WG],
0x0106,H3_FRAME_ERROR,Frame violated layout or size rules,permanent,"[RFC9114, Section 8.1]",2021-02-26,IETF,[HTTP_WG],
0x0107,H3_EXCESSIVE_LOAD,Peer generating excessive load,permanent,"[RFC9114, Section 8.1]",2021-02-26,IETF,[HTTP_WG],
0x0108,H3_ID_ERROR,An identifier was used incorrectly,permanent,"[RFC9114, Section 8.1]",2021-02-26,IETF,[HTTP_WG],
0x0109,H3_SETTINGS_ERROR,SETTINGS frame contained invalid values,permanent,"[RFC9114, Section 8.1]",2021-02-26,IETF,[HTTP_WG],
0x010a,H3_MISSING_SETTINGS,No SETTINGS frame received,permanent,"[RFC9114, Section 8.1]",2021-02-26,IETF,[HTTP_WG],
0x010b,H3_REQUEST_REJECTED,Request not processed,permanent,"[RFC9114, Section 8.1]",2021-02-26,IETF,[HTTP_WG],
0x010c,H3_REQUEST_CANCELLED,Data no longer needed,permanent,"[RFC9114, Section 8.1]",2021-02-26,IETF,[HTTP_WG],
0x010d,H3_REQUEST_INCOMPLETE,Stream terminated early,permanent,"[RFC9114, Section 8.1]",2021-02-26,IETF,[HTTP_WG],
0x010e,H3_MESSAGE_ERROR,Malformed message,permanent,"[RFC9114, Section 8.1]",2021-02-26,IETF,[HTTP_WG],
0x010f,H3_CONNECT_ERROR,TCP reset or error on CONNECT request,permanent,"[RFC9114, Section 8.1]",2021-02-26,IETF,[HTTP_WG],
0x0110,H3_VERSION_FALLBACK,Retry over HTTP/1.1,permanent,"[RFC9114, Section 8.1]",2021-02-26,IETF,[HTTP_WG],
0x0200,QPACK_DECOMPRESSION_FAILED,Decoding of a field section failed,permanent,"[RFC9204, Section 6]",2021-03-16,IETF,[HTTP_WG],
0x0201,QPACK_ENCODER_STREAM_ERROR,Error on the encoder stream,permanent,"[RFC9204, Section 6]",2021-03-16,IETF,[HTTP_WG],
0x0202,QPACK_DECODER_STREAM_ERROR,Error on the decoder stream,permanent,"[RFC9204, Section 6]",2021-03-16,IETF,[HTTP_WG],
