Value,Frame Type,Status,Reference,Date,Change Controller,Contact,Notes
0x00,DATA,permanent,"[RFC9114, Section 7.2.1 ]",2021-02-26,IETF,[HTTP_WG],
0x01,HEADERS,permanent,"[RFC9114, Section 7.2.2]",2021-02-26,IETF,[HTTP_WG],
0x02,Reserved,,[RFC9114],2021-02-26,,,
0x03,CANCEL_PUSH,permanent,"[RFC9114, Section 7.2.3]",2021-02-26,IETF,[HTTP_WG],
0x04,SETTINGS,permanent,"[RFC9114, Section 7.2.4]",2021-02-26,IETF,[HTTP_WG],
0x05,PUSH_PROMISE,permanent,"[RFC9114, Section 7.2.5]",2021-02-26,IETF,[HTTP_WG],
0x06,Reserved,,[RFC9114],,,,
0x07,GOAWAY,permanent,"[RFC9114, Section 7.2.6]",2021-02-26,IETF,[HTTP_WG],
0x08-0x09,Reserved,,[RFC9114],,,,
0x0a-0x0b,Unassigned,,,,,,
0x0c,ORIGIN,permanent,"[RFC9412, Section 2]",2023-03-14,IETF,[HTTP_WG],
0x0d,MAX_PUSH_ID,permanent,"[RFC9114, Section 7.2.7]",2021-02-26,IETF,[HTTP_WG],
0x0e-0x4c,Unassigned,,,,,,
0x4d,METADATA,provisional,[draft-beky-httpbis-metadata-02],2022-08-26,[Bence_Beky],[Bence_Beky],
0xf0700-0xf0701,PRIORITY_UPDATE,permanent,[RFC9218],2022-01-25,IETF,[HTTP_WG],
