id	c_source	c2rust_module	safe_module	scope	coverage	verification	authority	history	integration
quic-varint	lib/nghttp3_conv.c	source/lib/nghttp3_conv.rs	rust/nghttp3-core/src/varint.rs	nghttp3_get_uvarint;nghttp3_get_uvarintlen;nghttp3_put_uvarint;nghttp3_put_uvarintlen	partial-c-module	differential-c;kani;verus;verusbelt-foundation	RFC9000-section-16	07e84d61c253fceb60b6126e0e9d1daa56f8455e	not-wired
settings-semantics	lib/nghttp3_settings.c	source/lib/nghttp3_settings.rs	rust/nghttp3-core/src/settings.rs	defaults;V3-to-current;current-to-V3;wire-domain-setters	partial-c-module	differential-c;kani;verus;verusbelt-foundation;lambars	RFC9114;RFC9204;RFC9220;RFC9297;RFC9412	-	not-wired
ring-buffer	lib/nghttp3_ringbuf.c	source/lib/nghttp3_ringbuf.rs	rust/nghttp3-core/src/ringbuf.rs	init;push-front;push-back;pop-front;pop-back;get;full;reserve	partial-c-module	unit;kani;verus;verusbelt-foundation;lambars	historical-semantics	97cb58e163f99570179d0419a67b9272ee5c5ef9	not-wired
priority-field	lib/nghttp3_http.c	source/lib/nghttp3_http.rs	rust/nghttp3-core/src/priority.rs	nghttp3_http_parse_priority;nghttp3_pri_parse_priority_versioned	partial-c-module	differential-c;kani;verus;verusbelt-foundation;lambars	RFC9218;RFC8941	aed3107f9104eae77d97ed8093caa8f3b7ef64d4	not-wired
qpack-buffer-growth	lib/nghttp3_qpack.c	source/lib/nghttp3_qpack.rs	rust/nghttp3-core/src/qpack_buffer.rs	reserve_buf-growth-arithmetic	partial-c-module	unit;kani;verus;verusbelt-foundation;lambars	RFC9204-plus-nghttp3-policy	8a8d45cb734eb8087773988cafee3a15906e7f52	not-wired
qpack-read-state-ownership	lib/nghttp3_qpack.c	source/lib/nghttp3_qpack.rs	rust/nghttp3-core/src/qpack_read_state.rs	decoder-rstate-name-value-temporary-ownership	partial-c-module	unit;kani;verus;verusbelt-foundation;lambars	RFC9204-plus-history	ecfae7acf1813f83843b78b607a6abd1fd47be86	not-wired
qpack-reference-publication	lib/nghttp3_qpack.c	source/lib/nghttp3_qpack.rs	rust/nghttp3-core/src/qpack_reference.rs	nghttp3_qpack_stream_add_ref-publication-order	partial-c-module	unit;kani;verus;verusbelt-foundation;lambars	RFC9204-plus-history	62743057dbe607f5d65ce65416efeaa2b792090e	not-wired
control-frame-ownership	lib/nghttp3_conn.c	source/lib/nghttp3_conn.rs	rust/nghttp3-core/src/control_frame.rs	nghttp3_conn_set_client_stream_priority-failure-ownership	partial-c-module	unit;kani;verus;verusbelt-foundation;lambars	RFC9218-plus-history	9bf7d87690171390a93a25326331e1682504223e	not-wired
blocked-request-input	fuzz/fuzz_qpackdecoder.cc	-	rust/nghttp3-core/src/request_input.rs	retained-request-input-lifetime	history-hardened	unit;kani;verus;verusbelt-foundation;lambars	RFC9204-plus-fuzz-history	fce4985891606e973a97c4d64fc2247df4f8daca	not-applicable
